epoch,acc,loss,val_acc,val_loss
0,0.9283434343530674,0.23621993941189062,0.9806666666666667,0.06166841397824742
1,0.9743838383886549,0.0853492896598999,0.9838095238095238,0.057698830818846115
2,0.9809292929341095,0.0647125432559035,0.986,0.04533928941403117
3,0.9838383838432003,0.05614689631413932,0.9865714285714285,0.040212417592959744
4,0.9862626262722594,0.047329177158950554,0.9862857142857143,0.040765261422621
